1; 00000000001; Cliente 1; 01/01/1900
2; 00000000002; Cliente 2; 01/01/1900
3; 00000000003; Cliente 3; 01/01/1900
4; 00000000004; Cliente 4; 01/01/1900
5; 00000000005; Cliente 5; 01/01/1900
6; 00000000006; Cliente 6; 01/01/1900
7; 00000000007; Cliente 7; 01/01/1900
8; 00000000008; Cliente 8; 01/01/1900
9; 00000000009; Cliente 9; 01/01/1900
10; 00000000010; Cliente 10; 01/01/1900
11; 00000000011; Cliente 11; 01/01/1900
12; 00000000012; Cliente 12; 01/01/1900
13; 00000000013; Cliente 13; 01/01/1900
14; 00000000014; Cliente 14; 01/01/1900
15; 00000000015; Cliente 15; 01/01/1900
16; 00000000016; Cliente 16; 01/01/1900
17; 00000000017; Cliente 17; 01/01/1900
18; 00000000018; Cliente 18; 01/01/1900
19; 00000000019; Cliente 19; 01/01/1900
20; 00000000020; Cliente 20; 01/01/1900
21; 00000000021; Cliente 21; 01/01/1900
22; 00000000022; Cliente 22; 01/01/1900
23; 00000000023; Cliente 23; 01/01/1900
24; 00000000024; Cliente 24; 01/01/1900
25; 00000000025; Cliente 25; 01/01/1900
26; 00000000026; Cliente 26; 01/01/1900
27; 00000000027; Cliente 27; 01/01/1900
28; 00000000028; Cliente 28; 01/01/1900
29; 00000000029; Cliente 29; 01/01/1900
30; 00000000030; Cliente 30; 01/01/1900
31; 00000000031; Cliente 31; 01/01/1900
32; 00000000032; Cliente 32; 01/01/1900
33; 00000000033; Cliente 33; 01/01/1900
34; 00000000034; Cliente 34; 01/01/1900
35; 00000000035; Cliente 35; 01/01/1900
36; 00000000036; Cliente 36; 01/01/1900
37; 00000000037; Cliente 37; 01/01/1900
38; 00000000038; Cliente 38; 01/01/1900
39; 00000000039; Cliente 39; 01/01/1900
40; 00000000040; Cliente 40; 01/01/1900
41; 00000000041; Cliente 41; 01/01/1900
42; 00000000042; Cliente 42; 01/01/1900
43; 00000000043; Cliente 43; 01/01/1900
44; 00000000044; Cliente 44; 01/01/1900
45; 00000000045; Cliente 45; 01/01/1900
46; 00000000046; Cliente 46; 01/01/1900
47; 00000000047; Cliente 47; 01/01/1900
48; 00000000048; Cliente 48; 01/01/1900
49; 00000000049; Cliente 49; 01/01/1900
50; 00000000050; Cliente 50; 01/01/1900
51; 00000000051; Cliente 51; 01/01/1900
52; 00000000052; Cliente 52; 01/01/1900
53; 00000000053; Cliente 53; 01/01/1900
54; 00000000054; Cliente 54; 01/01/1900
55; 00000000055; Cliente 55; 01/01/1900
56; 00000000056; Cliente 56; 01/01/1900
57; 00000000057; Cliente 57; 01/01/1900
58; 00000000058; Cliente 58; 01/01/1900
59; 00000000059; Cliente 59; 01/01/1900
60; 00000000060; Cliente 60; 01/01/1900
61; 00000000061; Cliente 61; 01/01/1900
62; 00000000062; Cliente 62; 01/01/1900
63; 00000000063; Cliente 63; 01/01/1900
64; 00000000064; Cliente 64; 01/01/1900
65; 00000000065; Cliente 65; 01/01/1900
66; 00000000066; Cliente 66; 01/01/1900
67; 00000000067; Cliente 67; 01/01/1900
68; 00000000068; Cliente 68; 01/01/1900
69; 00000000069; Cliente 69; 01/01/1900
70; 00000000070; Cliente 70; 01/01/1900
71; 00000000071; Cliente 71; 01/01/1900
72; 00000000072; Cliente 72; 01/01/1900
73; 00000000073; Cliente 73; 01/01/1900
74; 00000000074; Cliente 74; 01/01/1900
75; 00000000075; Cliente 75; 01/01/1900
76; 00000000076; Cliente 76; 01/01/1900
77; 00000000077; Cliente 77; 01/01/1900
78; 00000000078; Cliente 78; 01/01/1900
79; 00000000079; Cliente 79; 01/01/1900
80; 00000000080; Cliente 80; 01/01/1900
81; 00000000081; Cliente 81; 01/01/1900
82; 00000000082; Cliente 82; 01/01/1900
83; 00000000083; Cliente 83; 01/01/1900
84; 00000000084; Cliente 84; 01/01/1900
85; 00000000085; Cliente 85; 01/01/1900
86; 00000000086; Cliente 86; 01/01/1900
87; 00000000087; Cliente 87; 01/01/1900
88; 00000000088; Cliente 88; 01/01/1900
89; 00000000089; Cliente 89; 01/01/1900
90; 00000000090; Cliente 90; 01/01/1900
91; 00000000091; Cliente 91; 01/01/1900
92; 00000000092; Cliente 92; 01/01/1900
93; 00000000093; Cliente 93; 01/01/1900
94; 00000000094; Cliente 94; 01/01/1900
95; 00000000095; Cliente 95; 01/01/1900
96; 00000000096; Cliente 96; 01/01/1900
97; 00000000097; Cliente 97; 01/01/1900
98; 00000000098; Cliente 98; 01/01/1900
99; 00000000099; Cliente 99; 01/01/1900
100; 00000000100; Cliente 100; 01/01/1900
101; 00000000101; Cliente 101; 01/01/1900
102; 00000000102; Cliente 102; 01/01/1900
103; 00000000103; Cliente 103; 01/01/1900
104; 00000000104; Cliente 104; 01/01/1900
105; 00000000105; Cliente 105; 01/01/1900
106; 00000000106; Cliente 106; 01/01/1900
107; 00000000107; Cliente 107; 01/01/1900
108; 00000000108; Cliente 108; 01/01/1900
109; 00000000109; Cliente 109; 01/01/1900
110; 00000000110; Cliente 110; 01/01/1900
111; 00000000111; Cliente 111; 01/01/1900
112; 00000000112; Cliente 112; 01/01/1900
113; 00000000113; Cliente 113; 01/01/1900
114; 00000000114; Cliente 114; 01/01/1900
115; 00000000115; Cliente 115; 01/01/1900
116; 00000000116; Cliente 116; 01/01/1900
117; 00000000117; Cliente 117; 01/01/1900
118; 00000000118; Cliente 118; 01/01/1900
119; 00000000119; Cliente 119; 01/01/1900
120; 00000000120; Cliente 120; 01/01/1900
121; 00000000121; Cliente 121; 01/01/1900
122; 00000000122; Cliente 122; 01/01/1900
123; 00000000123; Cliente 123; 01/01/1900
124; 00000000124; Cliente 124; 01/01/1900
125; 00000000125; Cliente 125; 01/01/1900
126; 00000000126; Cliente 126; 01/01/1900
127; 00000000127; Cliente 127; 01/01/1900
128; 00000000128; Cliente 128; 01/01/1900
129; 00000000129; Cliente 129; 01/01/1900
130; 00000000130; Cliente 130; 01/01/1900
131; 00000000131; Cliente 131; 01/01/1900
132; 00000000132; Cliente 132; 01/01/1900
133; 00000000133; Cliente 133; 01/01/1900
134; 00000000134; Cliente 134; 01/01/1900
135; 00000000135; Cliente 135; 01/01/1900
136; 00000000136; Cliente 136; 01/01/1900
137; 00000000137; Cliente 137; 01/01/1900
138; 00000000138; Cliente 138; 01/01/1900
139; 00000000139; Cliente 139; 01/01/1900
140; 00000000140; Cliente 140; 01/01/1900
141; 00000000141; Cliente 141; 01/01/1900
142; 00000000142; Cliente 142; 01/01/1900
143; 00000000143; Cliente 143; 01/01/1900
144; 00000000144; Cliente 144; 01/01/1900
145; 00000000145; Cliente 145; 01/01/1900
146; 00000000146; Cliente 146; 01/01/1900
147; 00000000147; Cliente 147; 01/01/1900
148; 00000000148; Cliente 148; 01/01/1900
149; 00000000149; Cliente 149; 01/01/1900
150; 00000000150; Cliente 150; 01/01/1900
151; 00000000151; Cliente 151; 01/01/1900
152; 00000000152; Cliente 152; 01/01/1900
153; 00000000153; Cliente 153; 01/01/1900
154; 00000000154; Cliente 154; 01/01/1900
155; 00000000155; Cliente 155; 01/01/1900
156; 00000000156; Cliente 156; 01/01/1900
157; 00000000157; Cliente 157; 01/01/1900
158; 00000000158; Cliente 158; 01/01/1900
159; 00000000159; Cliente 159; 01/01/1900
160; 00000000160; Cliente 160; 01/01/1900
161; 00000000161; Cliente 161; 01/01/1900
162; 00000000162; Cliente 162; 01/01/1900
163; 00000000163; Cliente 163; 01/01/1900
164; 00000000164; Cliente 164; 01/01/1900
165; 00000000165; Cliente 165; 01/01/1900
166; 00000000166; Cliente 166; 01/01/1900
167; 00000000167; Cliente 167; 01/01/1900
168; 00000000168; Cliente 168; 01/01/1900
169; 00000000169; Cliente 169; 01/01/1900
170; 00000000170; Cliente 170; 01/01/1900
171; 00000000171; Cliente 171; 01/01/1900
172; 00000000172; Cliente 172; 01/01/1900
173; 00000000173; Cliente 173; 01/01/1900
174; 00000000174; Cliente 174; 01/01/1900
175; 00000000175; Cliente 175; 01/01/1900
176; 00000000176; Cliente 176; 01/01/1900
177; 00000000177; Cliente 177; 01/01/1900
178; 00000000178; Cliente 178; 01/01/1900
179; 00000000179; Cliente 179; 01/01/1900
180; 00000000180; Cliente 180; 01/01/1900
181; 00000000181; Cliente 181; 01/01/1900
182; 00000000182; Cliente 182; 01/01/1900
183; 00000000183; Cliente 183; 01/01/1900
184; 00000000184; Cliente 184; 01/01/1900
185; 00000000185; Cliente 185; 01/01/1900
186; 00000000186; Cliente 186; 01/01/1900
187; 00000000187; Cliente 187; 01/01/1900
188; 00000000188; Cliente 188; 01/01/1900
189; 00000000189; Cliente 189; 01/01/1900
190; 00000000190; Cliente 190; 01/01/1900
191; 00000000191; Cliente 191; 01/01/1900
192; 00000000192; Cliente 192; 01/01/1900
193; 00000000193; Cliente 193; 01/01/1900
194; 00000000194; Cliente 194; 01/01/1900
195; 00000000195; Cliente 195; 01/01/1900
196; 00000000196; Cliente 196; 01/01/1900
197; 00000000197; Cliente 197; 01/01/1900
198; 00000000198; Cliente 198; 01/01/1900
199; 00000000199; Cliente 199; 01/01/1900
200; 00000000200; Cliente 200; 01/01/1900
201; 00000000201; Cliente 201; 01/01/1900
202; 00000000202; Cliente 202; 01/01/1900
203; 00000000203; Cliente 203; 01/01/1900
204; 00000000204; Cliente 204; 01/01/1900
205; 00000000205; Cliente 205; 01/01/1900
206; 00000000206; Cliente 206; 01/01/1900
207; 00000000207; Cliente 207; 01/01/1900
208; 00000000208; Cliente 208; 01/01/1900
209; 00000000209; Cliente 209; 01/01/1900
210; 00000000210; Cliente 210; 01/01/1900
211; 00000000211; Cliente 211; 01/01/1900
212; 00000000212; Cliente 212; 01/01/1900
213; 00000000213; Cliente 213; 01/01/1900
214; 00000000214; Cliente 214; 01/01/1900
215; 00000000215; Cliente 215; 01/01/1900
216; 00000000216; Cliente 216; 01/01/1900
217; 00000000217; Cliente 217; 01/01/1900
218; 00000000218; Cliente 218; 01/01/1900
219; 00000000219; Cliente 219; 01/01/1900
220; 00000000220; Cliente 220; 01/01/1900
221; 00000000221; Cliente 221; 01/01/1900
222; 00000000222; Cliente 222; 01/01/1900
223; 00000000223; Cliente 223; 01/01/1900
224; 00000000224; Cliente 224; 01/01/1900
225; 00000000225; Cliente 225; 01/01/1900
226; 00000000226; Cliente 226; 01/01/1900
227; 00000000227; Cliente 227; 01/01/1900
228; 00000000228; Cliente 228; 01/01/1900
229; 00000000229; Cliente 229; 01/01/1900
230; 00000000230; Cliente 230; 01/01/1900
231; 00000000231; Cliente 231; 01/01/1900
232; 00000000232; Cliente 232; 01/01/1900
233; 00000000233; Cliente 233; 01/01/1900
234; 00000000234; Cliente 234; 01/01/1900
235; 00000000235; Cliente 235; 01/01/1900
236; 00000000236; Cliente 236; 01/01/1900
237; 00000000237; Cliente 237; 01/01/1900
238; 00000000238; Cliente 238; 01/01/1900
239; 00000000239; Cliente 239; 01/01/1900
240; 00000000240; Cliente 240; 01/01/1900
241; 00000000241; Cliente 241; 01/01/1900
242; 00000000242; Cliente 242; 01/01/1900
243; 00000000243; Cliente 243; 01/01/1900
244; 00000000244; Cliente 244; 01/01/1900
245; 00000000245; Cliente 245; 01/01/1900
246; 00000000246; Cliente 246; 01/01/1900
247; 00000000247; Cliente 247; 01/01/1900
248; 00000000248; Cliente 248; 01/01/1900
249; 00000000249; Cliente 249; 01/01/1900
250; 00000000250; Cliente 250; 01/01/1900
251; 00000000251; Cliente 251; 01/01/1900
252; 00000000252; Cliente 252; 01/01/1900
253; 00000000253; Cliente 253; 01/01/1900
254; 00000000254; Cliente 254; 01/01/1900
255; 00000000255; Cliente 255; 01/01/1900
256; 00000000256; Cliente 256; 01/01/1900
257; 00000000257; Cliente 257; 01/01/1900
258; 00000000258; Cliente 258; 01/01/1900
259; 00000000259; Cliente 259; 01/01/1900
260; 00000000260; Cliente 260; 01/01/1900
261; 00000000261; Cliente 261; 01/01/1900
262; 00000000262; Cliente 262; 01/01/1900
263; 00000000263; Cliente 263; 01/01/1900
264; 00000000264; Cliente 264; 01/01/1900
265; 00000000265; Cliente 265; 01/01/1900
266; 00000000266; Cliente 266; 01/01/1900
267; 00000000267; Cliente 267; 01/01/1900
268; 00000000268; Cliente 268; 01/01/1900
269; 00000000269; Cliente 269; 01/01/1900
270; 00000000270; Cliente 270; 01/01/1900
271; 00000000271; Cliente 271; 01/01/1900
272; 00000000272; Cliente 272; 01/01/1900
273; 00000000273; Cliente 273; 01/01/1900
274; 00000000274; Cliente 274; 01/01/1900
275; 00000000275; Cliente 275; 01/01/1900
276; 00000000276; Cliente 276; 01/01/1900
277; 00000000277; Cliente 277; 01/01/1900
278; 00000000278; Cliente 278; 01/01/1900
279; 00000000279; Cliente 279; 01/01/1900
280; 00000000280; Cliente 280; 01/01/1900
281; 00000000281; Cliente 281; 01/01/1900
282; 00000000282; Cliente 282; 01/01/1900
283; 00000000283; Cliente 283; 01/01/1900
284; 00000000284; Cliente 284; 01/01/1900
285; 00000000285; Cliente 285; 01/01/1900
286; 00000000286; Cliente 286; 01/01/1900
287; 00000000287; Cliente 287; 01/01/1900
288; 00000000288; Cliente 288; 01/01/1900
289; 00000000289; Cliente 289; 01/01/1900
290; 00000000290; Cliente 290; 01/01/1900
291; 00000000291; Cliente 291; 01/01/1900
292; 00000000292; Cliente 292; 01/01/1900
293; 00000000293; Cliente 293; 01/01/1900
294; 00000000294; Cliente 294; 01/01/1900
295; 00000000295; Cliente 295; 01/01/1900
296; 00000000296; Cliente 296; 01/01/1900
297; 00000000297; Cliente 297; 01/01/1900
298; 00000000298; Cliente 298; 01/01/1900
299; 00000000299; Cliente 299; 01/01/1900
300; 00000000300; Cliente 300; 01/01/1900
301; 00000000301; Cliente 301; 01/01/1900
302; 00000000302; Cliente 302; 01/01/1900
303; 00000000303; Cliente 303; 01/01/1900
304; 00000000304; Cliente 304; 01/01/1900
305; 00000000305; Cliente 305; 01/01/1900
306; 00000000306; Cliente 306; 01/01/1900
307; 00000000307; Cliente 307; 01/01/1900
308; 00000000308; Cliente 308; 01/01/1900
309; 00000000309; Cliente 309; 01/01/1900
310; 00000000310; Cliente 310; 01/01/1900
311; 00000000311; Cliente 311; 01/01/1900
312; 00000000312; Cliente 312; 01/01/1900
313; 00000000313; Cliente 313; 01/01/1900
314; 00000000314; Cliente 314; 01/01/1900
315; 00000000315; Cliente 315; 01/01/1900
316; 00000000316; Cliente 316; 01/01/1900
317; 00000000317; Cliente 317; 01/01/1900
318; 00000000318; Cliente 318; 01/01/1900
319; 00000000319; Cliente 319; 01/01/1900
320; 00000000320; Cliente 320; 01/01/1900
321; 00000000321; Cliente 321; 01/01/1900
322; 00000000322; Cliente 322; 01/01/1900
323; 00000000323; Cliente 323; 01/01/1900
324; 00000000324; Cliente 324; 01/01/1900
325; 00000000325; Cliente 325; 01/01/1900
326; 00000000326; Cliente 326; 01/01/1900
327; 00000000327; Cliente 327; 01/01/1900
328; 00000000328; Cliente 328; 01/01/1900
329; 00000000329; Cliente 329; 01/01/1900
330; 00000000330; Cliente 330; 01/01/1900
331; 00000000331; Cliente 331; 01/01/1900
332; 00000000332; Cliente 332; 01/01/1900
333; 00000000333; Cliente 333; 01/01/1900
334; 00000000334; Cliente 334; 01/01/1900
335; 00000000335; Cliente 335; 01/01/1900
336; 00000000336; Cliente 336; 01/01/1900
337; 00000000337; Cliente 337; 01/01/1900
338; 00000000338; Cliente 338; 01/01/1900
339; 00000000339; Cliente 339; 01/01/1900
340; 00000000340; Cliente 340; 01/01/1900
341; 00000000341; Cliente 341; 01/01/1900
342; 00000000342; Cliente 342; 01/01/1900
343; 00000000343; Cliente 343; 01/01/1900
344; 00000000344; Cliente 344; 01/01/1900
345; 00000000345; Cliente 345; 01/01/1900
346; 00000000346; Cliente 346; 01/01/1900
347; 00000000347; Cliente 347; 01/01/1900
348; 00000000348; Cliente 348; 01/01/1900
349; 00000000349; Cliente 349; 01/01/1900
350; 00000000350; Cliente 350; 01/01/1900
351; 00000000351; Cliente 351; 01/01/1900
352; 00000000352; Cliente 352; 01/01/1900
353; 00000000353; Cliente 353; 01/01/1900
354; 00000000354; Cliente 354; 01/01/1900
355; 00000000355; Cliente 355; 01/01/1900
356; 00000000356; Cliente 356; 01/01/1900
357; 00000000357; Cliente 357; 01/01/1900
358; 00000000358; Cliente 358; 01/01/1900
359; 00000000359; Cliente 359; 01/01/1900
360; 00000000360; Cliente 360; 01/01/1900
361; 00000000361; Cliente 361; 01/01/1900
362; 00000000362; Cliente 362; 01/01/1900
363; 00000000363; Cliente 363; 01/01/1900
364; 00000000364; Cliente 364; 01/01/1900
365; 00000000365; Cliente 365; 01/01/1900
366; 00000000366; Cliente 366; 01/01/1900
367; 00000000367; Cliente 367; 01/01/1900
368; 00000000368; Cliente 368; 01/01/1900
369; 00000000369; Cliente 369; 01/01/1900
370; 00000000370; Cliente 370; 01/01/1900
371; 00000000371; Cliente 371; 01/01/1900
372; 00000000372; Cliente 372; 01/01/1900
373; 00000000373; Cliente 373; 01/01/1900
374; 00000000374; Cliente 374; 01/01/1900
375; 00000000375; Cliente 375; 01/01/1900
376; 00000000376; Cliente 376; 01/01/1900
377; 00000000377; Cliente 377; 01/01/1900
378; 00000000378; Cliente 378; 01/01/1900
379; 00000000379; Cliente 379; 01/01/1900
380; 00000000380; Cliente 380; 01/01/1900
381; 00000000381; Cliente 381; 01/01/1900
382; 00000000382; Cliente 382; 01/01/1900
383; 00000000383; Cliente 383; 01/01/1900
384; 00000000384; Cliente 384; 01/01/1900
385; 00000000385; Cliente 385; 01/01/1900
386; 00000000386; Cliente 386; 01/01/1900
387; 00000000387; Cliente 387; 01/01/1900
388; 00000000388; Cliente 388; 01/01/1900
389; 00000000389; Cliente 389; 01/01/1900
390; 00000000390; Cliente 390; 01/01/1900
391; 00000000391; Cliente 391; 01/01/1900
392; 00000000392; Cliente 392; 01/01/1900
393; 00000000393; Cliente 393; 01/01/1900
394; 00000000394; Cliente 394; 01/01/1900
395; 00000000395; Cliente 395; 01/01/1900
396; 00000000396; Cliente 396; 01/01/1900
397; 00000000397; Cliente 397; 01/01/1900
398; 00000000398; Cliente 398; 01/01/1900
399; 00000000399; Cliente 399; 01/01/1900
400; 00000000400; Cliente 400; 01/01/1900
401; 00000000401; Cliente 401; 01/01/1900
402; 00000000402; Cliente 402; 01/01/1900
403; 00000000403; Cliente 403; 01/01/1900
404; 00000000404; Cliente 404; 01/01/1900
405; 00000000405; Cliente 405; 01/01/1900
406; 00000000406; Cliente 406; 01/01/1900
407; 00000000407; Cliente 407; 01/01/1900
408; 00000000408; Cliente 408; 01/01/1900
409; 00000000409; Cliente 409; 01/01/1900
410; 00000000410; Cliente 410; 01/01/1900
411; 00000000411; Cliente 411; 01/01/1900
412; 00000000412; Cliente 412; 01/01/1900
413; 00000000413; Cliente 413; 01/01/1900
414; 00000000414; Cliente 414; 01/01/1900
415; 00000000415; Cliente 415; 01/01/1900
416; 00000000416; Cliente 416; 01/01/1900
417; 00000000417; Cliente 417; 01/01/1900
418; 00000000418; Cliente 418; 01/01/1900
419; 00000000419; Cliente 419; 01/01/1900
420; 00000000420; Cliente 420; 01/01/1900
421; 00000000421; Cliente 421; 01/01/1900
422; 00000000422; Cliente 422; 01/01/1900
423; 00000000423; Cliente 423; 01/01/1900
424; 00000000424; Cliente 424; 01/01/1900
425; 00000000425; Cliente 425; 01/01/1900
426; 00000000426; Cliente 426; 01/01/1900
427; 00000000427; Cliente 427; 01/01/1900
428; 00000000428; Cliente 428; 01/01/1900
429; 00000000429; Cliente 429; 01/01/1900
430; 00000000430; Cliente 430; 01/01/1900
431; 00000000431; Cliente 431; 01/01/1900
432; 00000000432; Cliente 432; 01/01/1900
433; 00000000433; Cliente 433; 01/01/1900
434; 00000000434; Cliente 434; 01/01/1900
435; 00000000435; Cliente 435; 01/01/1900
436; 00000000436; Cliente 436; 01/01/1900
437; 00000000437; Cliente 437; 01/01/1900
438; 00000000438; Cliente 438; 01/01/1900
439; 00000000439; Cliente 439; 01/01/1900
440; 00000000440; Cliente 440; 01/01/1900
441; 00000000441; Cliente 441; 01/01/1900
442; 00000000442; Cliente 442; 01/01/1900
443; 00000000443; Cliente 443; 01/01/1900
444; 00000000444; Cliente 444; 01/01/1900
445; 00000000445; Cliente 445; 01/01/1900
446; 00000000446; Cliente 446; 01/01/1900
447; 00000000447; Cliente 447; 01/01/1900
448; 00000000448; Cliente 448; 01/01/1900
449; 00000000449; Cliente 449; 01/01/1900
450; 00000000450; Cliente 450; 01/01/1900
451; 00000000451; Cliente 451; 01/01/1900
452; 00000000452; Cliente 452; 01/01/1900
453; 00000000453; Cliente 453; 01/01/1900
454; 00000000454; Cliente 454; 01/01/1900
455; 00000000455; Cliente 455; 01/01/1900
456; 00000000456; Cliente 456; 01/01/1900
457; 00000000457; Cliente 457; 01/01/1900
458; 00000000458; Cliente 458; 01/01/1900
459; 00000000459; Cliente 459; 01/01/1900
460; 00000000460; Cliente 460; 01/01/1900
461; 00000000461; Cliente 461; 01/01/1900
462; 00000000462; Cliente 462; 01/01/1900
463; 00000000463; Cliente 463; 01/01/1900
464; 00000000464; Cliente 464; 01/01/1900
465; 00000000465; Cliente 465; 01/01/1900
466; 00000000466; Cliente 466; 01/01/1900
467; 00000000467; Cliente 467; 01/01/1900
468; 00000000468; Cliente 468; 01/01/1900
469; 00000000469; Cliente 469; 01/01/1900
470; 00000000470; Cliente 470; 01/01/1900
471; 00000000471; Cliente 471; 01/01/1900
472; 00000000472; Cliente 472; 01/01/1900
473; 00000000473; Cliente 473; 01/01/1900
474; 00000000474; Cliente 474; 01/01/1900
475; 00000000475; Cliente 475; 01/01/1900
476; 00000000476; Cliente 476; 01/01/1900
477; 00000000477; Cliente 477; 01/01/1900
478; 00000000478; Cliente 478; 01/01/1900
479; 00000000479; Cliente 479; 01/01/1900
480; 00000000480; Cliente 480; 01/01/1900
481; 00000000481; Cliente 481; 01/01/1900
482; 00000000482; Cliente 482; 01/01/1900
483; 00000000483; Cliente 483; 01/01/1900
484; 00000000484; Cliente 484; 01/01/1900
485; 00000000485; Cliente 485; 01/01/1900
486; 00000000486; Cliente 486; 01/01/1900
487; 00000000487; Cliente 487; 01/01/1900
488; 00000000488; Cliente 488; 01/01/1900
489; 00000000489; Cliente 489; 01/01/1900
490; 00000000490; Cliente 490; 01/01/1900
491; 00000000491; Cliente 491; 01/01/1900
492; 00000000492; Cliente 492; 01/01/1900
493; 00000000493; Cliente 493; 01/01/1900
494; 00000000494; Cliente 494; 01/01/1900
495; 00000000495; Cliente 495; 01/01/1900
496; 00000000496; Cliente 496; 01/01/1900
497; 00000000497; Cliente 497; 01/01/1900
498; 00000000498; Cliente 498; 01/01/1900
499; 00000000499; Cliente 499; 01/01/1900
500; 00000000500; Cliente 500; 01/01/1900